{"count":1,"self":556.89205759999993,"total":785.97464689999993,"children":{"InitializeActuators":{"count":1158,"self":0.0068242999999999993,"total":0.0068242999999999993,"children":null},"InitializeSensors":{"count":1158,"self":0.0121201,"total":0.0121201,"children":null},"AgentSendState":{"count":277608,"self":0.42307839999999997,"total":25.448433299999998,"children":{"CollectObservations":{"count":96448,"self":15.3442704,"total":15.3442701,"children":null},"WriteActionMask":{"count":96448,"self":8.7602712,"total":8.7602715,"children":null},"RequestDecision":{"count":96448,"self":0.2096698,"total":0.9208133,"children":{"AgentInfo.ToProto":{"count":96448,"self":0.2201852,"total":0.71114349999999993,"children":{"GenerateSensorData":{"count":96448,"self":0.49095829999999996,"total":0.49095829999999996,"children":null}}}}}}},"DecideAction":{"count":277608,"self":199.16046079999998,"total":199.1604573,"children":null},"AgentAct":{"count":277608,"self":4.4466947999999995,"total":4.4547318,"children":{"AgentInfo.ToProto":{"count":992,"self":0.0005024,"total":0.008036999999999999,"children":{"GenerateSensorData":{"count":992,"self":0.0075346,"total":0.0075346,"children":null}}}}},"AgentInfo.ToProto":{"count":158,"self":0,"total":0,"children":{"GenerateSensorData":{"count":158,"self":0,"total":0,"children":null}}}},"gauges":{"HexMutant.CumulativeReward":{"count":27,"max":18.4969959,"min":2.73300052,"runningAverage":7.632252,"value":3.13300037,"weightedAverage":3.928547},"HexRobot.CumulativeReward":{"count":16,"max":16.7969475,"min":2.01099873,"runningAverage":4.19924831,"value":2.13300037,"weightedAverage":2.831642}},"metadata":{"timer_format_version":"0.1.0","start_time_seconds":"1773817793","unity_version":"6000.3.11f1","command_line_arguments":"C:\\Program Files\\Unity\\Hub\\Editor\\6000.3.11f1\\Editor\\Unity.exe -projectpath D:\\_HERD\\ROBOTI-A-MUTANTI\\RobotsAndMutants -acceptSoftwareTermsForThisRunOnly -useHub -hubIPC -cloudEnvironment production","communication_protocol_version":"1.5.0","com.unity.ml-agents_version":"4.0.2","scene_name":"SampleScene","end_time_seconds":"1773818579"}}